"Product ID","Product Name",Category,Price,Quantity,Brand,Description
3,Butter,"Dairy products",100,5,Amul,"tytetweh "
4,Curd,"Dairy Products",50,4,Amul,fetbwnue
5,Tshirt,Clothes,500,10,Cottonking,"Nice fabric"
7,Mobile,Electronics,25000,1,Samsung,"Nice camera"
8,TV,Electronics,60000,1,Sony,"32 inch"
9,Speaker,Electronics,5000,5,Sony,btrbhgwerfew
10,Curd,"Dairy Products",25,2,Amul,fvvewrvqt
11,Remote,Electronics,500,2,crct,fvgewtgbweh
12,Tab,Electronics,40000,1,Samsung,ervgfbuev
13,Cheese,"Dairy Products",100,4,Amul,wcrvtbevrtrwt
14,Earphone,Electronics,200,1,Noise,fvewgbyr
15,Remote,Electronics,500,2,crct,fvgewtgbweh
16,Remote,Electronics,500,2,crct,fvgewtgbweh
